{"resourceId":3004,"properties":{"process_id":"ReassignUserTasks","name":"Reassign User Tasks","documentation":"Reassigns Tasks from one User to another User.","process_author":"Darren Devine","process_version":"","process_namespace":"https://www.alfresco.com/alfresco-consulting","executionlisteners":"{\"executionListeners\":[]}","eventlisteners":"{\"eventListeners\":[]}","signaldefinitions":"[]","messagedefinitions":"[]","executionvariables":"","metadata":""},"stencil":{"id":"BPMNDiagram"},"childShapes":[{"resourceId":"startEvent1","properties":{"overrideid":"start","name":"Start","documentation":"Reassigns all active tasks from one user to another user.","executionlisteners":{"executionListeners":[]},"initiator":"","formkeydefinition":"","formreference":{"id":3003,"name":"Start Form","referenceId":3004,"variablesmapping":[]},"fieldstovariables":"","formproperties":"","asynchronousdefinition":false,"exclusivedefinition":false},"stencil":{"id":"StartNoneEvent"},"childShapes":[],"outgoing":[{"resourceId":"sid-0CFC7064-07B5-45F7-A4F6-966C03900623"}],"bounds":{"lowerRight":{"x":330,"y":220},"upperLeft":{"x":300,"y":190}},"dockers":[]},{"resourceId":"sid-5A8E0D4C-B17B-4C36-812F-E06CC0781681","properties":{"overrideid":"end","name":"End","documentation":"","executionlisteners":{"executionListeners":[]},"asynchronousdefinition":false,"exclusivedefinition":false},"stencil":{"id":"EndNoneEvent"},"childShapes":[],"outgoing":[],"bounds":{"lowerRight":{"x":598,"y":219},"upperLeft":{"x":570,"y":191}},"dockers":[]},{"resourceId":"sid-B27DEDCE-16E9-4E2E-876C-FEE853F81C4C","properties":{"overrideid":"reassignUserTasks","name":"Reassign User Tasks","documentation":"","asynchronousdefinition":false,"exclusivedefinition":false,"executionlisteners":{"executionListeners":[]},"multiinstance_type":"None","multiinstance_cardinality":"","multiinstance_collection":"","multiinstance_variable":"","multiinstance_condition":"","isforcompensation":false,"servicetaskclass":"","servicetaskexpression":"${workManagementService.reassignUserTasks(reassignFrom, reassignTo)}","servicetaskdelegateexpression":"","servicetaskfields":{"fields":[]},"servicetaskresultvariable":"","executionvariables":""},"stencil":{"id":"ServiceTask"},"childShapes":[],"outgoing":[{"resourceId":"sid-F7B0B9C7-B4CA-43BB-AA56-B3D96F98F1A6"}],"bounds":{"lowerRight":{"x":505,"y":245},"upperLeft":{"x":405,"y":165}},"dockers":[]},{"resourceId":"sid-0CFC7064-07B5-45F7-A4F6-966C03900623","properties":{"overrideid":"start-reassignUserTasks","name":"","documentation":"","conditionsequenceflow":"","executionlisteners":{"executionListeners":[]},"defaultflow":"false"},"stencil":{"id":"SequenceFlow"},"childShapes":[],"outgoing":[{"resourceId":"sid-B27DEDCE-16E9-4E2E-876C-FEE853F81C4C"}],"bounds":{"lowerRight":{"x":404.78125,"y":205},"upperLeft":{"x":330.21875,"y":205}},"dockers":[{"x":15,"y":15},{"x":50,"y":40}],"target":{"resourceId":"sid-B27DEDCE-16E9-4E2E-876C-FEE853F81C4C"}},{"resourceId":"sid-F7B0B9C7-B4CA-43BB-AA56-B3D96F98F1A6","properties":{"overrideid":"reassignUserTasks-end","name":"","documentation":"","conditionsequenceflow":"","executionlisteners":{"executionListeners":[]},"defaultflow":"false"},"stencil":{"id":"SequenceFlow"},"childShapes":[],"outgoing":[{"resourceId":"sid-5A8E0D4C-B17B-4C36-812F-E06CC0781681"}],"bounds":{"lowerRight":{"x":569.8984375,"y":205},"upperLeft":{"x":505.3828125,"y":205}},"dockers":[{"x":50,"y":40},{"x":14,"y":14}],"target":{"resourceId":"sid-5A8E0D4C-B17B-4C36-812F-E06CC0781681"}}],"bounds":{"lowerRight":{"x":1200,"y":1050},"upperLeft":{"x":0,"y":0}},"stencilset":{"url":"stencilsets/bpmn2.0/bpmn2.0.json","namespace":"http://b3mn.org/stencilset/bpmn2.0#"},"ssextensions":[]}