<?xml version='1.0' encoding='UTF-8'?>
<definitions xmlns="http://www.omg.org/spec/BPMN/20100524/MODEL" xmlns:xsi="http://www.w3.org/2001/XMLSchema-instance" xmlns:xsd="http://www.w3.org/2001/XMLSchema" xmlns:activiti="http://activiti.org/bpmn" xmlns:bpmndi="http://www.omg.org/spec/BPMN/20100524/DI" xmlns:omgdc="http://www.omg.org/spec/DD/20100524/DC" xmlns:omgdi="http://www.omg.org/spec/DD/20100524/DI" typeLanguage="http://www.w3.org/2001/XMLSchema" expressionLanguage="http://www.w3.org/1999/XPath" targetNamespace="https://www.alfresco.com/alfresco-consulting" xmlns:modeler="http://activiti.com/modeler" modeler:version="1.0en" modeler:exportDateTime="20170718101134106" modeler:modelId="3004" modeler:modelVersion="6" modeler:modelLastUpdated="1500369064413">
  <process id="ReassignUserTasks" name="Reassign User Tasks" isExecutable="true">
    <documentation>Reassigns Tasks from one User to another User.</documentation>
    <startEvent id="start" name="Start" activiti:formKey="3003">
      <documentation>Reassigns all active tasks from one user to another user.</documentation>
      <extensionElements>
        <modeler:form-reference-id><![CDATA[3003]]></modeler:form-reference-id>
        <modeler:form-reference-name><![CDATA[Start Form]]></modeler:form-reference-name>
        <modeler:editor-resource-id><![CDATA[startEvent1]]></modeler:editor-resource-id>
      </extensionElements>
    </startEvent>
    <endEvent id="end" name="End">
      <extensionElements>
        <modeler:editor-resource-id><![CDATA[sid-5A8E0D4C-B17B-4C36-812F-E06CC0781681]]></modeler:editor-resource-id>
      </extensionElements>
    </endEvent>
    <serviceTask id="reassignUserTasks" name="Reassign User Tasks" activiti:expression="${workManagementService.reassignUserTasks(reassignFrom, reassignTo)}">
      <extensionElements>
        <modeler:editor-resource-id><![CDATA[sid-B27DEDCE-16E9-4E2E-876C-FEE853F81C4C]]></modeler:editor-resource-id>
      </extensionElements>
    </serviceTask>
    <sequenceFlow id="start-reassignUserTasks" sourceRef="start" targetRef="reassignUserTasks">
      <extensionElements>
        <modeler:editor-resource-id><![CDATA[sid-0CFC7064-07B5-45F7-A4F6-966C03900623]]></modeler:editor-resource-id>
      </extensionElements>
    </sequenceFlow>
    <sequenceFlow id="reassignUserTasks-end" sourceRef="reassignUserTasks" targetRef="end">
      <extensionElements>
        <modeler:editor-resource-id><![CDATA[sid-F7B0B9C7-B4CA-43BB-AA56-B3D96F98F1A6]]></modeler:editor-resource-id>
      </extensionElements>
    </sequenceFlow>
  </process>
  <bpmndi:BPMNDiagram id="BPMNDiagram_ReassignUserTasks">
    <bpmndi:BPMNPlane bpmnElement="ReassignUserTasks" id="BPMNPlane_ReassignUserTasks">
      <bpmndi:BPMNShape bpmnElement="start" id="BPMNShape_start">
        <omgdc:Bounds height="30.0" width="30.0" x="300.0" y="190.0"/>
      </bpmndi:BPMNShape>
      <bpmndi:BPMNShape bpmnElement="end" id="BPMNShape_end">
        <omgdc:Bounds height="28.0" width="28.0" x="570.0" y="191.0"/>
      </bpmndi:BPMNShape>
      <bpmndi:BPMNShape bpmnElement="reassignUserTasks" id="BPMNShape_reassignUserTasks">
        <omgdc:Bounds height="80.0" width="100.0" x="405.0" y="165.0"/>
      </bpmndi:BPMNShape>
      <bpmndi:BPMNEdge bpmnElement="reassignUserTasks-end" id="BPMNEdge_reassignUserTasks-end">
        <omgdi:waypoint x="505.0" y="205.0"/>
        <omgdi:waypoint x="570.0" y="205.0"/>
      </bpmndi:BPMNEdge>
      <bpmndi:BPMNEdge bpmnElement="start-reassignUserTasks" id="BPMNEdge_start-reassignUserTasks">
        <omgdi:waypoint x="330.0" y="205.0"/>
        <omgdi:waypoint x="405.0" y="205.0"/>
      </bpmndi:BPMNEdge>
    </bpmndi:BPMNPlane>
  </bpmndi:BPMNDiagram>
</definitions>