{"name":"Work Management","description":"An Alfresco Consulting Work Management application which allows end users access to work management functionality that would normally only be available to an Administrator.","definition":{"models":[{"id":3004,"name":"Alfresco Consulting - Reassign User Tasks","version":6,"modelType":0,"description":"Reassigns Tasks from one User to another User.","stencilSetId":null,"createdByFullName":" Administrator","createdBy":1,"lastUpdatedByFullName":" Administrator","lastUpdatedBy":1,"lastUpdated":"2017-07-18T09:11:04.413+0000"}],"theme":"theme-6","icon":"glyphicon-user","publishIdentityInfo":[]}}