{"name":"Demo Workshop App","description":"","definition":{"models":[{"id":22022,"name":"Sample ACS Interaction","version":18,"modelType":0,"description":null,"stencilSetId":0,"createdByFullName":"Administrator user","createdBy":1002,"lastUpdatedByFullName":"Administrator user","lastUpdatedBy":1002,"lastUpdated":"2017-09-27T18:12:23.023+0000"},{"id":20029,"name":"Sample REST Call","version":33,"modelType":0,"description":null,"stencilSetId":null,"createdByFullName":"Administrator user","createdBy":1002,"lastUpdatedByFullName":"Administrator user","lastUpdatedBy":1002,"lastUpdated":"2017-09-27T18:12:25.042+0000"},{"id":20028,"name":"Example Process Wait","version":33,"modelType":0,"description":"","stencilSetId":null,"createdByFullName":"Administrator user","createdBy":1002,"lastUpdatedByFullName":"Administrator user","lastUpdatedBy":1002,"lastUpdated":"2017-09-27T20:58:11.474+0000"},{"id":21021,"name":"Find Message Problem","version":25,"modelType":0,"description":"","stencilSetId":0,"createdByFullName":"Administrator user","createdBy":1002,"lastUpdatedByFullName":"Administrator user","lastUpdatedBy":1002,"lastUpdated":"2017-09-27T18:12:27.066+0000"}],"theme":"theme-6","icon":"glyphicon-flash","publishIdentityInfo":[]}}