{"resourceId":20028,"properties":{"process_id":"ExampleProcessWait","name":"Example Process Wait","documentation":"","process_author":"","process_version":"","process_namespace":"http://www.activiti.org/processdef","executionlisteners":"{\"executionListeners\":[]}","eventlisteners":"{\"eventListeners\":[]}","signaldefinitions":"[]","messagedefinitions":"[{\"id\":\"ContentHasArrived\",\"name\":\"ContentHasArrived\",\"$$hashKey\":\"uiGrid-0007\"}]","executionvariables":"[{\"variableName\":\"startInstanceID\",\"variableType\":\"string\",\"$$hashKey\":\"uiGrid-000L\"},{\"variableName\":\"sampleReturnValue\",\"variableType\":\"string\",\"$$hashKey\":\"uiGrid-000T\"}]","metadata":""},"stencil":{"id":"BPMNDiagram"},"childShapes":[{"resourceId":"startEvent1","properties":{"overrideid":"startEvent1","name":"","documentation":"","executionlisteners":{"executionListeners":[]},"initiator":"","formkeydefinition":"","formreference":"","fieldstovariables":"","formproperties":"","asynchronousdefinition":false,"exclusivedefinition":false},"stencil":{"id":"StartNoneEvent"},"childShapes":[],"outgoing":[{"resourceId":"sid-82820441-6E90-4516-BAD4-177234609E19"}],"bounds":{"lowerRight":{"x":90,"y":247.15518339797939},"upperLeft":{"x":60,"y":217.15518339797939}},"dockers":[]},{"resourceId":"sid-C816F505-B51D-442A-841B-0B151C97DC20","properties":{"overrideid":"sid-C816F505-B51D-442A-841B-0B151C97DC20","name":"Troubleshoot Problem","documentation":"","asynchronousdefinition":false,"exclusivedefinition":false,"executionlisteners":{"executionListeners":[]},"multiinstance_type":"None","multiinstance_cardinality":"","multiinstance_collection":"","multiinstance_variable":"","multiinstance_condition":"","isforcompensation":false,"usertasksendemail":true,"usertaskassignment":{"assignment":{"type":"idm","idm":{"type":"initiator"}}},"formkeydefinition":"","formreference":{"id":20024,"name":"Process Error","referenceId":20028},"fieldstovariables":"","duedatedefinition":"","prioritydefinition":"","categorydefinition":"","formproperties":"","tasklisteners":{"taskListeners":[]},"emailtemplate":""},"stencil":{"id":"UserTask"},"childShapes":[],"outgoing":[{"resourceId":"sid-02FB16E6-C324-46CA-90B5-A8D44CDD5C2B"}],"bounds":{"lowerRight":{"x":1140,"y":271.68941095193827},"upperLeft":{"x":1040,"y":191.68941095193827}},"dockers":[]},{"resourceId":"sid-7D9BAA4A-145D-46E7-81E0-0C83674D9EAE","properties":{"overrideid":"sid-7D9BAA4A-145D-46E7-81E0-0C83674D9EAE","name":"","documentation":"","asynchronousdefinition":false,"exclusivedefinition":false,"sequencefloworder":"","executionlisteners":{"executionListeners":[]}},"stencil":{"id":"ExclusiveGateway"},"childShapes":[],"outgoing":[{"resourceId":"sid-92FDC91F-77E2-4592-949E-84C1474A3C59"},{"resourceId":"sid-734DFD40-60B9-491C-BDA5-AFC0531D085F"}],"bounds":{"lowerRight":{"x":1230,"y":251.25},"upperLeft":{"x":1190,"y":211.25}},"dockers":[]},{"resourceId":"sid-02FB16E6-C324-46CA-90B5-A8D44CDD5C2B","properties":{"overrideid":"sid-02FB16E6-C324-46CA-90B5-A8D44CDD5C2B","name":"","documentation":"","conditionsequenceflow":"","executionlisteners":{"executionListeners":[]},"defaultflow":"false"},"stencil":{"id":"SequenceFlow"},"childShapes":[],"outgoing":[{"resourceId":"sid-7D9BAA4A-145D-46E7-81E0-0C83674D9EAE"}],"bounds":{"lowerRight":{"x":1190.250006704168,"y":231.50380562126753},"upperLeft":{"x":1140.687493295832,"y":231.32231969462416}},"dockers":[{"x":50,"y":40},{"x":20,"y":20}],"target":{"resourceId":"sid-7D9BAA4A-145D-46E7-81E0-0C83674D9EAE"}},{"resourceId":"sid-D045C983-F297-4E2D-9E48-F75996E15A6B","properties":{"overrideid":"sid-D045C983-F297-4E2D-9E48-F75996E15A6B","name":"Process Continues","documentation":"","asynchronousdefinition":false,"exclusivedefinition":false,"executionlisteners":{"executionListeners":[]},"multiinstance_type":"None","multiinstance_cardinality":"","multiinstance_collection":"","multiinstance_variable":"","multiinstance_condition":"","isforcompensation":false,"usertasksendemail":true,"usertaskassignment":{"assignment":{"type":"idm","idm":{"type":"initiator"}}},"formkeydefinition":"","formreference":{"id":20031,"name":"Review Results After Message","referenceId":20028},"fieldstovariables":"","duedatedefinition":"","prioritydefinition":"","categorydefinition":"","formproperties":"","tasklisteners":{"taskListeners":[]},"emailtemplate":""},"stencil":{"id":"UserTask"},"childShapes":[],"outgoing":[{"resourceId":"sid-2648319C-F98B-419F-832E-A484508CAAB4"}],"bounds":{"lowerRight":{"x":1140,"y":391.46970547596914},"upperLeft":{"x":1040,"y":311.46970547596914}},"dockers":[]},{"resourceId":"sid-2648319C-F98B-419F-832E-A484508CAAB4","properties":{"overrideid":"sid-2648319C-F98B-419F-832E-A484508CAAB4","name":"","documentation":"","conditionsequenceflow":"","executionlisteners":{"executionListeners":[]},"defaultflow":"false"},"stencil":{"id":"SequenceFlow"},"childShapes":[],"outgoing":[{"resourceId":"sid-552816A2-CABC-431E-BB2C-EAF76DE0B42F"}],"bounds":{"lowerRight":{"x":1354.9218753200237,"y":351.6816508952676},"upperLeft":{"x":1140.0429684299763,"y":351.5097413465971}},"dockers":[{"x":50,"y":40},{"x":14,"y":14.223208339865597}],"target":{"resourceId":"sid-552816A2-CABC-431E-BB2C-EAF76DE0B42F"}},{"resourceId":"sid-734DFD40-60B9-491C-BDA5-AFC0531D085F","properties":{"overrideid":"sid-734DFD40-60B9-491C-BDA5-AFC0531D085F","name":"Cancel","documentation":"","conditionsequenceflow":{"expression":{"index":"0","outcomeFormId":"20024","outcomeFormName":"Process Error","rightOutcomeName":"Cancel","operator":"==","type":"variables"}},"executionlisteners":{"executionListeners":[]},"defaultflow":"false"},"stencil":{"id":"SequenceFlow"},"childShapes":[],"outgoing":[{"resourceId":"sid-C3918833-AA9B-4FCB-B54D-60F58689DD58"}],"bounds":{"lowerRight":{"x":1354.335946183569,"y":231.85150806567296},"upperLeft":{"x":1229.632803816431,"y":231.3318180789998}},"dockers":[{"x":20,"y":20},{"x":14,"y":14.223208339865597}],"target":{"resourceId":"sid-C3918833-AA9B-4FCB-B54D-60F58689DD58"}},{"resourceId":"sid-768AD4C9-A45A-4248-BBD9-C7FD86B223E0","properties":{"overrideid":"sid-768AD4C9-A45A-4248-BBD9-C7FD86B223E0","name":"Simulate External Call","documentation":"","asynchronousdefinition":false,"exclusivedefinition":false,"executionlisteners":{"executionListeners":[]},"multiinstance_type":"None","multiinstance_cardinality":"","multiinstance_collection":"","multiinstance_variable":"","multiinstance_condition":"","isforcompensation":false,"usertasksendemail":true,"usertaskassignment":{"assignment":{"type":"idm","idm":{"type":"initiator"}}},"formkeydefinition":"","formreference":{"id":20027,"name":"Display Execution ID","referenceId":20028},"fieldstovariables":"","duedatedefinition":"","prioritydefinition":"","categorydefinition":"","formproperties":"","tasklisteners":{"taskListeners":[]},"emailtemplate":""},"stencil":{"id":"UserTask"},"childShapes":[],"outgoing":[{"resourceId":"sid-D147E96E-EB04-4A3B-9C3B-4C1237955FBB"}],"bounds":{"lowerRight":{"x":417,"y":272.1551833979794},"upperLeft":{"x":317,"y":192.15518339797939}},"dockers":[]},{"resourceId":"sid-C49A48D2-BC2B-47B5-84EC-8968BCE58095","properties":{"scriptformat":"groovy","scripttext":"def String excId = execution.getId()\nexecution.setVariable(\"startInstanceID\",excId) ","executionvariables":"","overrideid":"sid-C49A48D2-BC2B-47B5-84EC-8968BCE58095","name":"Get Instance ID","documentation":"","asynchronousdefinition":false,"exclusivedefinition":false,"executionlisteners":{"executionListeners":[]},"multiinstance_type":"None","multiinstance_cardinality":"","multiinstance_collection":"","multiinstance_variable":"","multiinstance_condition":"","isforcompensation":false},"stencil":{"id":"ScriptTask"},"childShapes":[],"outgoing":[{"resourceId":"sid-B2792918-D7CF-4292-97BB-89CECC2029B2"}],"bounds":{"lowerRight":{"x":242,"y":272.1551833979794},"upperLeft":{"x":142,"y":192.15518339797939}},"dockers":[]},{"resourceId":"sid-82820441-6E90-4516-BAD4-177234609E19","properties":{"overrideid":"sid-82820441-6E90-4516-BAD4-177234609E19","name":"","documentation":"","conditionsequenceflow":"","executionlisteners":{"executionListeners":[]},"defaultflow":"false"},"stencil":{"id":"SequenceFlow"},"childShapes":[],"outgoing":[{"resourceId":"sid-C49A48D2-BC2B-47B5-84EC-8968BCE58095"}],"bounds":{"lowerRight":{"x":141.640625,"y":232.15518339797939},"upperLeft":{"x":90.625,"y":232.15518339797939}},"dockers":[{"x":15,"y":15},{"x":50,"y":40}],"target":{"resourceId":"sid-C49A48D2-BC2B-47B5-84EC-8968BCE58095"}},{"resourceId":"sid-B2792918-D7CF-4292-97BB-89CECC2029B2","properties":{"overrideid":"sid-B2792918-D7CF-4292-97BB-89CECC2029B2","name":"","documentation":"","conditionsequenceflow":"","executionlisteners":{"executionListeners":[]},"defaultflow":"false"},"stencil":{"id":"SequenceFlow"},"childShapes":[],"outgoing":[{"resourceId":"sid-768AD4C9-A45A-4248-BBD9-C7FD86B223E0"}],"bounds":{"lowerRight":{"x":316.78125,"y":232.15518339797939},"upperLeft":{"x":242.21875,"y":232.15518339797939}},"dockers":[{"x":50,"y":40},{"x":50,"y":40}],"target":{"resourceId":"sid-768AD4C9-A45A-4248-BBD9-C7FD86B223E0"}},{"resourceId":"sid-552816A2-CABC-431E-BB2C-EAF76DE0B42F","properties":{"overrideid":"sid-FE28B472-99BC-45D9-9A87-FD5A54A0DBBD","name":"Completed","documentation":"","executionlisteners":{"executionListeners":[]},"type":"http://b3mn.org/stencilset/bpmn2.0#EndNoneEvent","asynchronousdefinition":false,"exclusivedefinition":false},"stencil":{"id":"EndTerminateEvent"},"childShapes":[],"outgoing":[],"bounds":{"lowerRight":{"x":1383,"y":365.46970547596914},"upperLeft":{"x":1355,"y":337.46970547596914}},"dockers":[]},{"resourceId":"sid-C3918833-AA9B-4FCB-B54D-60F58689DD58","properties":{"overrideid":"sid-A94ADFCF-4E03-40EE-810B-56FB4D9388D4","name":"Cancelled","documentation":"","executionlisteners":{"executionListeners":[]},"type":"http://b3mn.org/stencilset/bpmn2.0#EndNoneEvent","asynchronousdefinition":false,"exclusivedefinition":false},"stencil":{"id":"EndTerminateEvent"},"childShapes":[],"outgoing":[],"bounds":{"lowerRight":{"x":1383,"y":245.68941095193827},"upperLeft":{"x":1355,"y":217.68941095193827}},"dockers":[]},{"resourceId":"sid-92FDC91F-77E2-4592-949E-84C1474A3C59","properties":{"overrideid":"sid-92FDC91F-77E2-4592-949E-84C1474A3C59","name":"Retry","documentation":"","conditionsequenceflow":{"expression":{"index":"0","outcomeFormId":"20024","outcomeFormName":"Process Error","rightOutcomeName":"Retry","operator":"==","type":"variables"}},"executionlisteners":{"executionListeners":[]},"defaultflow":"false","showdiamondmarker":false},"stencil":{"id":"SequenceFlow"},"childShapes":[],"outgoing":[{"resourceId":"sid-E9A4CE54-6863-46F4-A77C-42B33C97B53D"}],"bounds":{"lowerRight":{"x":1210,"y":211.15743557286822},"upperLeft":{"x":715,"y":143.96970547596914}},"dockers":[{"x":20,"y":20},{"x":1210,"y":143.96970547596914},{"x":715,"y":143.96970547596914},{"x":50,"y":1}],"target":{"resourceId":"sid-E9A4CE54-6863-46F4-A77C-42B33C97B53D"}},{"resourceId":"sid-51ACE8F6-BA32-4B25-A593-6BCD74F84EC5","properties":{"overrideid":"","name":"","documentation":"","conditionsequenceflow":"","executionlisteners":"","defaultflow":"false","showdiamondmarker":false},"stencil":{"id":"SequenceFlow"},"childShapes":[],"outgoing":[{"resourceId":"sid-C816F505-B51D-442A-841B-0B151C97DC20"}],"bounds":{"lowerRight":{"x":1039.3064295959277,"y":236.90735853975164},"upperLeft":{"x":780.7171638373499,"y":232.54466821965315}},"dockers":[{"x":29.527035837461312,"y":20.269043860407475},{"x":50,"y":40}],"target":{"resourceId":"sid-C816F505-B51D-442A-841B-0B151C97DC20"}},{"resourceId":"sid-E9A4CE54-6863-46F4-A77C-42B33C97B53D","properties":{"overrideid":"","name":"Wait For Content","documentation":"","asynchronousdefinition":"false","exclusivedefinition":"false","executionlisteners":"","multiinstance_type":"None","multiinstance_cardinality":"","multiinstance_collection":"","multiinstance_variable":"","multiinstance_condition":"","isforcompensation":"false","executionvariables":""},"stencil":{"id":"ReceiveTask"},"childShapes":[],"outgoing":[{"resourceId":"sid-2F084E8D-3909-4721-9D36-5BD373456E5E"},{"resourceId":"sid-35A13D62-8373-4A0F-9732-DE04782B6DED"},{"resourceId":"sid-D049E8E6-32CD-463D-828B-9CC0B7682A5F"}],"bounds":{"lowerRight":{"x":765,"y":271.25},"upperLeft":{"x":665,"y":191.25}},"dockers":[]},{"resourceId":"sid-2F084E8D-3909-4721-9D36-5BD373456E5E","properties":{"overrideid":"","name":"","documentation":"","conditionsequenceflow":"","executionlisteners":"","defaultflow":"false","showdiamondmarker":false},"stencil":{"id":"SequenceFlow"},"childShapes":[],"outgoing":[{"resourceId":"sid-C816F505-B51D-442A-841B-0B151C97DC20"}],"bounds":{"lowerRight":{"x":1039.3377327623668,"y":251.15190163660546},"upperLeft":{"x":765.6349234876333,"y":234.72923852763893}},"dockers":[{"x":99,"y":60},{"x":50,"y":40}],"target":{"resourceId":"sid-C816F505-B51D-442A-841B-0B151C97DC20"}},{"resourceId":"sid-35A13D62-8373-4A0F-9732-DE04782B6DED","properties":{"overrideid":"","name":"Content Received","documentation":"","messageref":"ContentHasArrived","cancelactivity":true},"stencil":{"id":"BoundaryMessageEvent"},"childShapes":[],"outgoing":[{"resourceId":"sid-07CB2BDD-745B-4807-AD57-30F8DEFCA799"}],"bounds":{"lowerRight":{"x":752.5511813356795,"y":286.67711776030353},"upperLeft":{"x":722.5511813356795,"y":256.67711776030353}},"dockers":[{"x":70.5,"y":76.75}]},{"resourceId":"sid-D049E8E6-32CD-463D-828B-9CC0B7682A5F","properties":{"overrideid":"","name":"SLA Expired","documentation":"","timercycledefinition":"","timerdatedefinition":"","timerdurationdefinition":"${timerDuration}","cancelactivity":true},"stencil":{"id":"BoundaryTimerEvent"},"childShapes":[],"outgoing":[{"resourceId":"sid-51ACE8F6-BA32-4B25-A593-6BCD74F84EC5"}],"bounds":{"lowerRight":{"x":781.1902702868455,"y":247.65518339797939},"upperLeft":{"x":750.1902702868455,"y":216.65518339797939}},"dockers":[{"x":92,"y":40.75}]},{"resourceId":"sid-07CB2BDD-745B-4807-AD57-30F8DEFCA799","properties":{"overrideid":"sid-07CB2BDD-745B-4807-AD57-30F8DEFCA799","name":"","documentation":"","conditionsequenceflow":"","executionlisteners":{"executionListeners":[]},"defaultflow":"false","showdiamondmarker":false},"stencil":{"id":"SequenceFlow"},"childShapes":[],"outgoing":[{"resourceId":"sid-D045C983-F297-4E2D-9E48-F75996E15A6B"}],"bounds":{"lowerRight":{"x":1039.5966796875,"y":351.46970547596914},"upperLeft":{"x":743.5,"y":286.2563924441861}},"dockers":[{"x":20.94881866432047,"y":25.32288223969647},{"x":743.5,"y":351.46970547596914},{"x":50,"y":40}],"target":{"resourceId":"sid-D045C983-F297-4E2D-9E48-F75996E15A6B"}},{"resourceId":"sid-EE5CE9F4-5038-476D-8376-1743D629C414","properties":{"overrideid":"","name":"Get the Message Listener Asynch","documentation":"","asynchronousdefinition":true,"exclusivedefinition":"false","executionlisteners":"","multiinstance_type":"None","multiinstance_cardinality":"","multiinstance_collection":"","multiinstance_variable":"","multiinstance_condition":"","isforcompensation":"false","servicetaskclass":"","servicetaskexpression":"${MessageToolsService.findExecutionIdForMessage(\"ContentHasArrived\")}","servicetaskdelegateexpression":"","servicetaskfields":"","servicetaskresultvariable":"","executionvariables":""},"stencil":{"id":"ServiceTask"},"childShapes":[],"outgoing":[{"resourceId":"sid-F9E0A65D-F0D4-4F06-8E9E-85A126165171"}],"bounds":{"lowerRight":{"x":595,"y":272.1551833979794},"upperLeft":{"x":495,"y":192.15518339797939}},"dockers":[]},{"resourceId":"sid-F9E0A65D-F0D4-4F06-8E9E-85A126165171","properties":{"overrideid":"","name":"","documentation":"","conditionsequenceflow":"","executionlisteners":"","defaultflow":"false"},"stencil":{"id":"SequenceFlow"},"childShapes":[],"outgoing":[{"resourceId":"sid-E9A4CE54-6863-46F4-A77C-42B33C97B53D"}],"bounds":{"lowerRight":{"x":664.8593891754249,"y":231.88820428925612},"upperLeft":{"x":595.1406108245751,"y":231.51697910872326}},"dockers":[{"x":50,"y":40},{"x":50,"y":40}],"target":{"resourceId":"sid-E9A4CE54-6863-46F4-A77C-42B33C97B53D"}},{"resourceId":"sid-D147E96E-EB04-4A3B-9C3B-4C1237955FBB","properties":{"overrideid":"","name":"","documentation":"","conditionsequenceflow":"","executionlisteners":null,"defaultflow":"false","showdiamondmarker":false},"stencil":{"id":"SequenceFlow"},"childShapes":[],"outgoing":[{"resourceId":"sid-EE5CE9F4-5038-476D-8376-1743D629C414"}],"bounds":{"lowerRight":{"x":494.68759917191477,"y":233.95360028772467},"upperLeft":{"x":417.92177582808523,"y":232.8723915082341}},"dockers":[{"x":50,"y":40},{"x":14,"y":42}],"target":{"resourceId":"sid-EE5CE9F4-5038-476D-8376-1743D629C414"}}],"bounds":{"lowerRight":{"x":1483,"y":650},"upperLeft":{"x":0,"y":0}},"stencilset":{"url":"stencilsets/bpmn2.0/bpmn2.0.json","namespace":"http://b3mn.org/stencilset/bpmn2.0#"},"ssextensions":[]}