<?xml version='1.0' encoding='UTF-8'?>
<definitions xmlns="http://www.omg.org/spec/BPMN/20100524/MODEL" xmlns:xsi="http://www.w3.org/2001/XMLSchema-instance" xmlns:xsd="http://www.w3.org/2001/XMLSchema" xmlns:activiti="http://activiti.org/bpmn" xmlns:bpmndi="http://www.omg.org/spec/BPMN/20100524/DI" xmlns:omgdc="http://www.omg.org/spec/DD/20100524/DC" xmlns:omgdi="http://www.omg.org/spec/DD/20100524/DI" typeLanguage="http://www.w3.org/2001/XMLSchema" expressionLanguage="http://www.w3.org/1999/XPath" targetNamespace="http://www.activiti.org/processdef" xmlns:modeler="http://activiti.com/modeler" modeler:version="1.0en" modeler:exportDateTime="20170927170041355" modeler:modelId="20028" modeler:modelVersion="33" modeler:modelLastUpdated="1506545891474">
  <message id="ContentHasArrived" name="ContentHasArrived"/>
  <process id="ExampleProcessWait" name="Example Process Wait" isExecutable="true">
    <extensionElements>
      <modeler:executionvariables xmlns:modeler="http://activiti.com/modeler" modeler:variableName="startInstanceID" modeler:variableType="string"/>
      <modeler:executionvariables xmlns:modeler="http://activiti.com/modeler" modeler:variableName="sampleReturnValue" modeler:variableType="string"/>
    </extensionElements>
    <startEvent id="startEvent1">
      <extensionElements>
        <modeler:editor-resource-id><![CDATA[startEvent1]]></modeler:editor-resource-id>
      </extensionElements>
    </startEvent>
    <userTask id="sid-C816F505-B51D-442A-841B-0B151C97DC20" name="Troubleshoot Problem" activiti:assignee="$INITIATOR" activiti:formKey="20024">
      <extensionElements>
        <modeler:allow-send-email><![CDATA[true]]></modeler:allow-send-email>
        <modeler:form-reference-id><![CDATA[20024]]></modeler:form-reference-id>
        <modeler:form-reference-name><![CDATA[Process Error]]></modeler:form-reference-name>
        <modeler:activiti-idm-initiator><![CDATA[true]]></modeler:activiti-idm-initiator>
        <modeler:initiator-can-complete><![CDATA[false]]></modeler:initiator-can-complete>
        <modeler:editor-resource-id><![CDATA[sid-C816F505-B51D-442A-841B-0B151C97DC20]]></modeler:editor-resource-id>
      </extensionElements>
    </userTask>
    <exclusiveGateway id="sid-7D9BAA4A-145D-46E7-81E0-0C83674D9EAE">
      <extensionElements>
        <modeler:editor-resource-id><![CDATA[sid-7D9BAA4A-145D-46E7-81E0-0C83674D9EAE]]></modeler:editor-resource-id>
      </extensionElements>
    </exclusiveGateway>
    <sequenceFlow id="sid-02FB16E6-C324-46CA-90B5-A8D44CDD5C2B" sourceRef="sid-C816F505-B51D-442A-841B-0B151C97DC20" targetRef="sid-7D9BAA4A-145D-46E7-81E0-0C83674D9EAE">
      <extensionElements>
        <modeler:editor-resource-id><![CDATA[sid-02FB16E6-C324-46CA-90B5-A8D44CDD5C2B]]></modeler:editor-resource-id>
      </extensionElements>
    </sequenceFlow>
    <userTask id="sid-D045C983-F297-4E2D-9E48-F75996E15A6B" name="Process Continues" activiti:assignee="$INITIATOR" activiti:formKey="20031">
      <extensionElements>
        <modeler:allow-send-email><![CDATA[true]]></modeler:allow-send-email>
        <modeler:form-reference-id><![CDATA[20031]]></modeler:form-reference-id>
        <modeler:form-reference-name><![CDATA[Review Results After Message]]></modeler:form-reference-name>
        <modeler:activiti-idm-initiator><![CDATA[true]]></modeler:activiti-idm-initiator>
        <modeler:initiator-can-complete><![CDATA[false]]></modeler:initiator-can-complete>
        <modeler:editor-resource-id><![CDATA[sid-D045C983-F297-4E2D-9E48-F75996E15A6B]]></modeler:editor-resource-id>
      </extensionElements>
    </userTask>
    <sequenceFlow id="sid-2648319C-F98B-419F-832E-A484508CAAB4" sourceRef="sid-D045C983-F297-4E2D-9E48-F75996E15A6B" targetRef="sid-FE28B472-99BC-45D9-9A87-FD5A54A0DBBD">
      <extensionElements>
        <modeler:editor-resource-id><![CDATA[sid-2648319C-F98B-419F-832E-A484508CAAB4]]></modeler:editor-resource-id>
      </extensionElements>
    </sequenceFlow>
    <sequenceFlow id="sid-734DFD40-60B9-491C-BDA5-AFC0531D085F" name="Cancel" sourceRef="sid-7D9BAA4A-145D-46E7-81E0-0C83674D9EAE" targetRef="sid-A94ADFCF-4E03-40EE-810B-56FB4D9388D4">
      <extensionElements>
        <modeler:conditionDefinition modeler:index="0" modeler:outcomeFormId="20024" modeler:outcomeFormName="Process Error" modeler:rightOutcomeName="Cancel" modeler:operator="=="/>
        <modeler:editor-resource-id><![CDATA[sid-734DFD40-60B9-491C-BDA5-AFC0531D085F]]></modeler:editor-resource-id>
      </extensionElements>
      <conditionExpression xsi:type="tFormalExpression"><![CDATA[${(activiti_flowConditionsBean.exists(execution, 'form20024outcome') && form20024outcome == 'Cancel')}]]></conditionExpression>
    </sequenceFlow>
    <userTask id="sid-768AD4C9-A45A-4248-BBD9-C7FD86B223E0" name="Simulate External Call" activiti:assignee="$INITIATOR" activiti:formKey="20027">
      <extensionElements>
        <modeler:allow-send-email><![CDATA[true]]></modeler:allow-send-email>
        <modeler:form-reference-id><![CDATA[20027]]></modeler:form-reference-id>
        <modeler:form-reference-name><![CDATA[Display Execution ID]]></modeler:form-reference-name>
        <modeler:activiti-idm-initiator><![CDATA[true]]></modeler:activiti-idm-initiator>
        <modeler:initiator-can-complete><![CDATA[false]]></modeler:initiator-can-complete>
        <modeler:editor-resource-id><![CDATA[sid-768AD4C9-A45A-4248-BBD9-C7FD86B223E0]]></modeler:editor-resource-id>
      </extensionElements>
    </userTask>
    <scriptTask id="sid-C49A48D2-BC2B-47B5-84EC-8968BCE58095" name="Get Instance ID" scriptFormat="groovy" activiti:autoStoreVariables="false">
      <extensionElements>
        <modeler:editor-resource-id><![CDATA[sid-C49A48D2-BC2B-47B5-84EC-8968BCE58095]]></modeler:editor-resource-id>
      </extensionElements>
      <script><![CDATA[def String excId = execution.getId()
execution.setVariable("startInstanceID",excId) ]]></script>
    </scriptTask>
    <sequenceFlow id="sid-82820441-6E90-4516-BAD4-177234609E19" sourceRef="startEvent1" targetRef="sid-C49A48D2-BC2B-47B5-84EC-8968BCE58095">
      <extensionElements>
        <modeler:editor-resource-id><![CDATA[sid-82820441-6E90-4516-BAD4-177234609E19]]></modeler:editor-resource-id>
      </extensionElements>
    </sequenceFlow>
    <sequenceFlow id="sid-B2792918-D7CF-4292-97BB-89CECC2029B2" sourceRef="sid-C49A48D2-BC2B-47B5-84EC-8968BCE58095" targetRef="sid-768AD4C9-A45A-4248-BBD9-C7FD86B223E0">
      <extensionElements>
        <modeler:editor-resource-id><![CDATA[sid-B2792918-D7CF-4292-97BB-89CECC2029B2]]></modeler:editor-resource-id>
      </extensionElements>
    </sequenceFlow>
    <endEvent id="sid-FE28B472-99BC-45D9-9A87-FD5A54A0DBBD" name="Completed">
      <extensionElements>
        <modeler:editor-resource-id><![CDATA[sid-552816A2-CABC-431E-BB2C-EAF76DE0B42F]]></modeler:editor-resource-id>
      </extensionElements>
      <terminateEventDefinition/>
    </endEvent>
    <endEvent id="sid-A94ADFCF-4E03-40EE-810B-56FB4D9388D4" name="Cancelled">
      <extensionElements>
        <modeler:editor-resource-id><![CDATA[sid-C3918833-AA9B-4FCB-B54D-60F58689DD58]]></modeler:editor-resource-id>
      </extensionElements>
      <terminateEventDefinition/>
    </endEvent>
    <sequenceFlow id="sid-92FDC91F-77E2-4592-949E-84C1474A3C59" name="Retry" sourceRef="sid-7D9BAA4A-145D-46E7-81E0-0C83674D9EAE" targetRef="sid-E9A4CE54-6863-46F4-A77C-42B33C97B53D">
      <extensionElements>
        <modeler:conditionDefinition modeler:index="0" modeler:outcomeFormId="20024" modeler:outcomeFormName="Process Error" modeler:rightOutcomeName="Retry" modeler:operator="=="/>
        <modeler:editor-resource-id><![CDATA[sid-92FDC91F-77E2-4592-949E-84C1474A3C59]]></modeler:editor-resource-id>
      </extensionElements>
      <conditionExpression xsi:type="tFormalExpression"><![CDATA[${(activiti_flowConditionsBean.exists(execution, 'form20024outcome') && form20024outcome == 'Retry')}]]></conditionExpression>
    </sequenceFlow>
    <sequenceFlow id="sid-51ACE8F6-BA32-4B25-A593-6BCD74F84EC5" sourceRef="sid-D049E8E6-32CD-463D-828B-9CC0B7682A5F" targetRef="sid-C816F505-B51D-442A-841B-0B151C97DC20">
      <extensionElements>
        <modeler:editor-resource-id><![CDATA[sid-51ACE8F6-BA32-4B25-A593-6BCD74F84EC5]]></modeler:editor-resource-id>
      </extensionElements>
    </sequenceFlow>
    <receiveTask id="sid-E9A4CE54-6863-46F4-A77C-42B33C97B53D" name="Wait For Content">
      <extensionElements>
        <modeler:editor-resource-id><![CDATA[sid-E9A4CE54-6863-46F4-A77C-42B33C97B53D]]></modeler:editor-resource-id>
      </extensionElements>
    </receiveTask>
    <sequenceFlow id="sid-2F084E8D-3909-4721-9D36-5BD373456E5E" sourceRef="sid-E9A4CE54-6863-46F4-A77C-42B33C97B53D" targetRef="sid-C816F505-B51D-442A-841B-0B151C97DC20">
      <extensionElements>
        <modeler:editor-resource-id><![CDATA[sid-2F084E8D-3909-4721-9D36-5BD373456E5E]]></modeler:editor-resource-id>
      </extensionElements>
    </sequenceFlow>
    <boundaryEvent id="sid-35A13D62-8373-4A0F-9732-DE04782B6DED" name="Content Received" attachedToRef="sid-E9A4CE54-6863-46F4-A77C-42B33C97B53D" cancelActivity="true">
      <extensionElements>
        <modeler:editor-resource-id><![CDATA[sid-35A13D62-8373-4A0F-9732-DE04782B6DED]]></modeler:editor-resource-id>
      </extensionElements>
      <messageEventDefinition messageRef="ContentHasArrived"/>
    </boundaryEvent>
    <boundaryEvent id="sid-D049E8E6-32CD-463D-828B-9CC0B7682A5F" name="SLA Expired" attachedToRef="sid-E9A4CE54-6863-46F4-A77C-42B33C97B53D" cancelActivity="true">
      <extensionElements>
        <modeler:editor-resource-id><![CDATA[sid-D049E8E6-32CD-463D-828B-9CC0B7682A5F]]></modeler:editor-resource-id>
      </extensionElements>
      <timerEventDefinition>
        <timeDuration>${timerDuration}</timeDuration>
      </timerEventDefinition>
    </boundaryEvent>
    <sequenceFlow id="sid-07CB2BDD-745B-4807-AD57-30F8DEFCA799" sourceRef="sid-35A13D62-8373-4A0F-9732-DE04782B6DED" targetRef="sid-D045C983-F297-4E2D-9E48-F75996E15A6B">
      <extensionElements>
        <modeler:editor-resource-id><![CDATA[sid-07CB2BDD-745B-4807-AD57-30F8DEFCA799]]></modeler:editor-resource-id>
      </extensionElements>
    </sequenceFlow>
    <serviceTask id="sid-EE5CE9F4-5038-476D-8376-1743D629C414" name="Get the Message Listener Asynch" activiti:async="true" activiti:exclusive="false" activiti:expression="${MessageToolsService.findExecutionIdForMessage(&quot;ContentHasArrived&quot;)}">
      <extensionElements>
        <modeler:editor-resource-id><![CDATA[sid-EE5CE9F4-5038-476D-8376-1743D629C414]]></modeler:editor-resource-id>
      </extensionElements>
    </serviceTask>
    <sequenceFlow id="sid-F9E0A65D-F0D4-4F06-8E9E-85A126165171" sourceRef="sid-EE5CE9F4-5038-476D-8376-1743D629C414" targetRef="sid-E9A4CE54-6863-46F4-A77C-42B33C97B53D">
      <extensionElements>
        <modeler:editor-resource-id><![CDATA[sid-F9E0A65D-F0D4-4F06-8E9E-85A126165171]]></modeler:editor-resource-id>
      </extensionElements>
    </sequenceFlow>
    <sequenceFlow id="sid-D147E96E-EB04-4A3B-9C3B-4C1237955FBB" sourceRef="sid-768AD4C9-A45A-4248-BBD9-C7FD86B223E0" targetRef="sid-EE5CE9F4-5038-476D-8376-1743D629C414">
      <extensionElements>
        <modeler:editor-resource-id><![CDATA[sid-D147E96E-EB04-4A3B-9C3B-4C1237955FBB]]></modeler:editor-resource-id>
      </extensionElements>
    </sequenceFlow>
  </process>
  <bpmndi:BPMNDiagram id="BPMNDiagram_ExampleProcessWait">
    <bpmndi:BPMNPlane bpmnElement="ExampleProcessWait" id="BPMNPlane_ExampleProcessWait">
      <bpmndi:BPMNShape bpmnElement="startEvent1" id="BPMNShape_startEvent1">
        <omgdc:Bounds height="30.0" width="30.0" x="60.0" y="217.15518339797939"/>
      </bpmndi:BPMNShape>
      <bpmndi:BPMNShape bpmnElement="sid-C816F505-B51D-442A-841B-0B151C97DC20" id="BPMNShape_sid-C816F505-B51D-442A-841B-0B151C97DC20">
        <omgdc:Bounds height="80.0" width="100.0" x="1040.0" y="191.68941095193827"/>
      </bpmndi:BPMNShape>
      <bpmndi:BPMNShape bpmnElement="sid-7D9BAA4A-145D-46E7-81E0-0C83674D9EAE" id="BPMNShape_sid-7D9BAA4A-145D-46E7-81E0-0C83674D9EAE">
        <omgdc:Bounds height="40.0" width="40.0" x="1190.0" y="211.25"/>
      </bpmndi:BPMNShape>
      <bpmndi:BPMNShape bpmnElement="sid-D045C983-F297-4E2D-9E48-F75996E15A6B" id="BPMNShape_sid-D045C983-F297-4E2D-9E48-F75996E15A6B">
        <omgdc:Bounds height="80.0" width="100.0" x="1040.0" y="311.46970547596914"/>
      </bpmndi:BPMNShape>
      <bpmndi:BPMNShape bpmnElement="sid-768AD4C9-A45A-4248-BBD9-C7FD86B223E0" id="BPMNShape_sid-768AD4C9-A45A-4248-BBD9-C7FD86B223E0">
        <omgdc:Bounds height="80.0" width="100.0" x="317.0" y="192.15518339797939"/>
      </bpmndi:BPMNShape>
      <bpmndi:BPMNShape bpmnElement="sid-C49A48D2-BC2B-47B5-84EC-8968BCE58095" id="BPMNShape_sid-C49A48D2-BC2B-47B5-84EC-8968BCE58095">
        <omgdc:Bounds height="80.0" width="100.0" x="142.0" y="192.15518339797939"/>
      </bpmndi:BPMNShape>
      <bpmndi:BPMNShape bpmnElement="sid-FE28B472-99BC-45D9-9A87-FD5A54A0DBBD" id="BPMNShape_sid-FE28B472-99BC-45D9-9A87-FD5A54A0DBBD">
        <omgdc:Bounds height="28.0" width="28.0" x="1355.0" y="337.46970547596914"/>
      </bpmndi:BPMNShape>
      <bpmndi:BPMNShape bpmnElement="sid-A94ADFCF-4E03-40EE-810B-56FB4D9388D4" id="BPMNShape_sid-A94ADFCF-4E03-40EE-810B-56FB4D9388D4">
        <omgdc:Bounds height="28.0" width="28.0" x="1355.0" y="217.68941095193827"/>
      </bpmndi:BPMNShape>
      <bpmndi:BPMNShape bpmnElement="sid-E9A4CE54-6863-46F4-A77C-42B33C97B53D" id="BPMNShape_sid-E9A4CE54-6863-46F4-A77C-42B33C97B53D">
        <omgdc:Bounds height="80.0" width="100.0" x="665.0" y="191.25"/>
      </bpmndi:BPMNShape>
      <bpmndi:BPMNShape bpmnElement="sid-35A13D62-8373-4A0F-9732-DE04782B6DED" id="BPMNShape_sid-35A13D62-8373-4A0F-9732-DE04782B6DED">
        <omgdc:Bounds height="30.0" width="30.0" x="722.5511813356795" y="256.67711776030353"/>
      </bpmndi:BPMNShape>
      <bpmndi:BPMNShape bpmnElement="sid-D049E8E6-32CD-463D-828B-9CC0B7682A5F" id="BPMNShape_sid-D049E8E6-32CD-463D-828B-9CC0B7682A5F">
        <omgdc:Bounds height="31.0" width="31.0" x="750.1902702868455" y="216.65518339797939"/>
      </bpmndi:BPMNShape>
      <bpmndi:BPMNShape bpmnElement="sid-EE5CE9F4-5038-476D-8376-1743D629C414" id="BPMNShape_sid-EE5CE9F4-5038-476D-8376-1743D629C414">
        <omgdc:Bounds height="80.0" width="100.0" x="495.0" y="192.15518339797939"/>
      </bpmndi:BPMNShape>
      <bpmndi:BPMNEdge bpmnElement="sid-02FB16E6-C324-46CA-90B5-A8D44CDD5C2B" id="BPMNEdge_sid-02FB16E6-C324-46CA-90B5-A8D44CDD5C2B">
        <omgdi:waypoint x="1140.0" y="231.50632305529734"/>
        <omgdi:waypoint x="1190.0729679676222" y="231.3229679676221"/>
      </bpmndi:BPMNEdge>
      <bpmndi:BPMNEdge bpmnElement="sid-F9E0A65D-F0D4-4F06-8E9E-85A126165171" id="BPMNEdge_sid-F9E0A65D-F0D4-4F06-8E9E-85A126165171">
        <omgdi:waypoint x="595.0" y="231.888952986809"/>
        <omgdi:waypoint x="665.0" y="231.5162304111704"/>
      </bpmndi:BPMNEdge>
      <bpmndi:BPMNEdge bpmnElement="sid-D147E96E-EB04-4A3B-9C3B-4C1237955FBB" id="BPMNEdge_sid-D147E96E-EB04-4A3B-9C3B-4C1237955FBB">
        <omgdi:waypoint x="417.0" y="232.85940875009206"/>
        <omgdi:waypoint x="495.0" y="233.95800029938783"/>
      </bpmndi:BPMNEdge>
      <bpmndi:BPMNEdge bpmnElement="sid-734DFD40-60B9-491C-BDA5-AFC0531D085F" id="BPMNEdge_sid-734DFD40-60B9-491C-BDA5-AFC0531D085F">
        <omgdi:waypoint x="1229.916997567152" y="231.33300243284785"/>
        <omgdi:waypoint x="1355.0001215699635" y="231.85427596142242"/>
      </bpmndi:BPMNEdge>
      <bpmndi:BPMNEdge bpmnElement="sid-82820441-6E90-4516-BAD4-177234609E19" id="BPMNEdge_sid-82820441-6E90-4516-BAD4-177234609E19">
        <omgdi:waypoint x="90.0" y="232.15518339797939"/>
        <omgdi:waypoint x="142.0" y="232.15518339797939"/>
      </bpmndi:BPMNEdge>
      <bpmndi:BPMNEdge bpmnElement="sid-07CB2BDD-745B-4807-AD57-30F8DEFCA799" id="BPMNEdge_sid-07CB2BDD-745B-4807-AD57-30F8DEFCA799">
        <omgdi:waypoint x="743.5" y="302.94881866432047"/>
        <omgdi:waypoint x="743.5" y="351.46970547596914"/>
        <omgdi:waypoint x="1040.0" y="351.46970547596914"/>
      </bpmndi:BPMNEdge>
      <bpmndi:BPMNEdge bpmnElement="sid-51ACE8F6-BA32-4B25-A593-6BCD74F84EC5" id="BPMNEdge_sid-51ACE8F6-BA32-4B25-A593-6BCD74F84EC5">
        <omgdi:waypoint x="809.2401406496899" y="236.42614399871277"/>
        <omgdi:waypoint x="1040.0" y="232.5329669107095"/>
      </bpmndi:BPMNEdge>
      <bpmndi:BPMNEdge bpmnElement="sid-2F084E8D-3909-4721-9D36-5BD373456E5E" id="BPMNEdge_sid-2F084E8D-3909-4721-9D36-5BD373456E5E">
        <omgdi:waypoint x="765.0" y="251.1899981931041"/>
        <omgdi:waypoint x="1040.0" y="234.689501296733"/>
      </bpmndi:BPMNEdge>
      <bpmndi:BPMNEdge bpmnElement="sid-92FDC91F-77E2-4592-949E-84C1474A3C59" id="BPMNEdge_sid-92FDC91F-77E2-4592-949E-84C1474A3C59">
        <omgdi:waypoint x="1210.0" y="211.25"/>
        <omgdi:waypoint x="1210.0" y="143.96970547596914"/>
        <omgdi:waypoint x="715.0" y="143.96970547596914"/>
        <omgdi:waypoint x="715.0" y="191.25"/>
      </bpmndi:BPMNEdge>
      <bpmndi:BPMNEdge bpmnElement="sid-2648319C-F98B-419F-832E-A484508CAAB4" id="BPMNEdge_sid-2648319C-F98B-419F-832E-A484508CAAB4">
        <omgdi:waypoint x="1140.0" y="351.5097069705687"/>
        <omgdi:waypoint x="1355.0000044803326" y="351.68171340093124"/>
      </bpmndi:BPMNEdge>
      <bpmndi:BPMNEdge bpmnElement="sid-B2792918-D7CF-4292-97BB-89CECC2029B2" id="BPMNEdge_sid-B2792918-D7CF-4292-97BB-89CECC2029B2">
        <omgdi:waypoint x="242.0" y="232.15518339797939"/>
        <omgdi:waypoint x="317.0" y="232.15518339797939"/>
      </bpmndi:BPMNEdge>
    </bpmndi:BPMNPlane>
  </bpmndi:BPMNDiagram>
</definitions>