<?xml version='1.0' encoding='UTF-8'?>
<definitions xmlns="http://www.omg.org/spec/BPMN/20100524/MODEL" xmlns:xsi="http://www.w3.org/2001/XMLSchema-instance" xmlns:xsd="http://www.w3.org/2001/XMLSchema" xmlns:activiti="http://activiti.org/bpmn" xmlns:bpmndi="http://www.omg.org/spec/BPMN/20100524/DI" xmlns:omgdc="http://www.omg.org/spec/DD/20100524/DC" xmlns:omgdi="http://www.omg.org/spec/DD/20100524/DI" typeLanguage="http://www.w3.org/2001/XMLSchema" expressionLanguage="http://www.w3.org/1999/XPath" targetNamespace="http://www.activiti.org/processdef" xmlns:modeler="http://activiti.com/modeler" modeler:version="1.0en" modeler:exportDateTime="20170927170041378" modeler:modelId="21021" modeler:modelVersion="25" modeler:modelLastUpdated="1506535947066">
  <process id="FindMessageProblem" name="Find Message Problem" isExecutable="true">
    <startEvent id="startEvent1">
      <extensionElements>
        <modeler:editor-resource-id><![CDATA[startEvent1]]></modeler:editor-resource-id>
      </extensionElements>
    </startEvent>
    <serviceTask id="sid-950B1C66-F2F8-4C78-ADA8-954ABAFE918F" name="Out Message Subscribers" activiti:expression="${MessageToolsService.findExecutionIdForMessage(&quot;ContentHasArrived&quot;)}">
      <extensionElements>
        <modeler:editor-resource-id><![CDATA[sid-950B1C66-F2F8-4C78-ADA8-954ABAFE918F]]></modeler:editor-resource-id>
      </extensionElements>
    </serviceTask>
    <sequenceFlow id="sid-B90919DE-7F5A-46DB-9D00-A5472DC994EE" sourceRef="startEvent1" targetRef="sid-950B1C66-F2F8-4C78-ADA8-954ABAFE918F">
      <extensionElements>
        <modeler:editor-resource-id><![CDATA[sid-B90919DE-7F5A-46DB-9D00-A5472DC994EE]]></modeler:editor-resource-id>
      </extensionElements>
    </sequenceFlow>
    <endEvent id="sid-F9C36A21-AACB-4BFA-992F-87EB8B73F014">
      <extensionElements>
        <modeler:editor-resource-id><![CDATA[sid-F9C36A21-AACB-4BFA-992F-87EB8B73F014]]></modeler:editor-resource-id>
      </extensionElements>
    </endEvent>
    <sequenceFlow id="sid-E55B35CF-93F7-4498-9CD4-4812646A7B89" sourceRef="sid-950B1C66-F2F8-4C78-ADA8-954ABAFE918F" targetRef="sid-F9C36A21-AACB-4BFA-992F-87EB8B73F014">
      <extensionElements>
        <modeler:editor-resource-id><![CDATA[sid-E55B35CF-93F7-4498-9CD4-4812646A7B89]]></modeler:editor-resource-id>
      </extensionElements>
    </sequenceFlow>
  </process>
  <bpmndi:BPMNDiagram id="BPMNDiagram_FindMessageProblem">
    <bpmndi:BPMNPlane bpmnElement="FindMessageProblem" id="BPMNPlane_FindMessageProblem">
      <bpmndi:BPMNShape bpmnElement="startEvent1" id="BPMNShape_startEvent1">
        <omgdc:Bounds height="30.0" width="30.0" x="100.0" y="163.0"/>
      </bpmndi:BPMNShape>
      <bpmndi:BPMNShape bpmnElement="sid-950B1C66-F2F8-4C78-ADA8-954ABAFE918F" id="BPMNShape_sid-950B1C66-F2F8-4C78-ADA8-954ABAFE918F">
        <omgdc:Bounds height="80.0" width="100.0" x="195.0" y="138.0"/>
      </bpmndi:BPMNShape>
      <bpmndi:BPMNShape bpmnElement="sid-F9C36A21-AACB-4BFA-992F-87EB8B73F014" id="BPMNShape_sid-F9C36A21-AACB-4BFA-992F-87EB8B73F014">
        <omgdc:Bounds height="28.0" width="28.0" x="340.0" y="164.0"/>
      </bpmndi:BPMNShape>
      <bpmndi:BPMNEdge bpmnElement="sid-B90919DE-7F5A-46DB-9D00-A5472DC994EE" id="BPMNEdge_sid-B90919DE-7F5A-46DB-9D00-A5472DC994EE">
        <omgdi:waypoint x="130.0" y="178.0"/>
        <omgdi:waypoint x="195.0" y="178.0"/>
      </bpmndi:BPMNEdge>
      <bpmndi:BPMNEdge bpmnElement="sid-E55B35CF-93F7-4498-9CD4-4812646A7B89" id="BPMNEdge_sid-E55B35CF-93F7-4498-9CD4-4812646A7B89">
        <omgdi:waypoint x="295.0" y="178.0"/>
        <omgdi:waypoint x="340.0" y="178.0"/>
      </bpmndi:BPMNEdge>
    </bpmndi:BPMNPlane>
  </bpmndi:BPMNDiagram>
</definitions>