{"resourceId":21021,"properties":{"process_id":"FindMessageProblem","name":"Find Message Problem","documentation":"","process_author":"","process_version":"","process_namespace":"http://www.activiti.org/processdef","executionlisteners":"","eventlisteners":"","signaldefinitions":"","messagedefinitions":"","executionvariables":"","metadata":""},"stencil":{"id":"BPMNDiagram"},"childShapes":[{"resourceId":"startEvent1","properties":{"overrideid":"","name":"","documentation":"","executionlisteners":"","initiator":"","formkeydefinition":"","formreference":"","fieldstovariables":"","formproperties":""},"stencil":{"id":"StartNoneEvent"},"childShapes":[],"outgoing":[{"resourceId":"sid-B90919DE-7F5A-46DB-9D00-A5472DC994EE"}],"bounds":{"lowerRight":{"x":130,"y":193},"upperLeft":{"x":100,"y":163}},"dockers":[]},{"resourceId":"sid-950B1C66-F2F8-4C78-ADA8-954ABAFE918F","properties":{"overrideid":"","name":"Out Message Subscribers","documentation":"","asynchronousdefinition":"false","exclusivedefinition":"false","executionlisteners":"","multiinstance_type":"None","multiinstance_cardinality":"","multiinstance_collection":"","multiinstance_variable":"","multiinstance_condition":"","isforcompensation":"false","servicetaskclass":"","servicetaskexpression":"${MessageToolsService.findExecutionIdForMessage(\"ContentHasArrived\")}","servicetaskdelegateexpression":"","servicetaskfields":"","servicetaskresultvariable":"","executionvariables":""},"stencil":{"id":"ServiceTask"},"childShapes":[],"outgoing":[{"resourceId":"sid-E55B35CF-93F7-4498-9CD4-4812646A7B89"}],"bounds":{"lowerRight":{"x":295,"y":218},"upperLeft":{"x":195,"y":138}},"dockers":[]},{"resourceId":"sid-B90919DE-7F5A-46DB-9D00-A5472DC994EE","properties":{"overrideid":"","name":"","documentation":"","conditionsequenceflow":"","executionlisteners":"","defaultflow":"false"},"stencil":{"id":"SequenceFlow"},"childShapes":[],"outgoing":[{"resourceId":"sid-950B1C66-F2F8-4C78-ADA8-954ABAFE918F"}],"bounds":{"lowerRight":{"x":194.234375,"y":178},"upperLeft":{"x":130.21875,"y":178}},"dockers":[{"x":15,"y":15},{"x":50,"y":40}],"target":{"resourceId":"sid-950B1C66-F2F8-4C78-ADA8-954ABAFE918F"}},{"resourceId":"sid-F9C36A21-AACB-4BFA-992F-87EB8B73F014","properties":{"overrideid":"","name":"","documentation":"","executionlisteners":""},"stencil":{"id":"EndNoneEvent"},"childShapes":[],"outgoing":[],"bounds":{"lowerRight":{"x":368,"y":192},"upperLeft":{"x":340,"y":164}},"dockers":[]},{"resourceId":"sid-E55B35CF-93F7-4498-9CD4-4812646A7B89","properties":{"overrideid":"","name":"","documentation":"","conditionsequenceflow":"","executionlisteners":"","defaultflow":"false"},"stencil":{"id":"SequenceFlow"},"childShapes":[],"outgoing":[{"resourceId":"sid-F9C36A21-AACB-4BFA-992F-87EB8B73F014"}],"bounds":{"lowerRight":{"x":339.375,"y":178},"upperLeft":{"x":295.390625,"y":178}},"dockers":[{"x":50,"y":40},{"x":14,"y":14}],"target":{"resourceId":"sid-F9C36A21-AACB-4BFA-992F-87EB8B73F014"}}],"bounds":{"lowerRight":{"x":1200,"y":1050},"upperLeft":{"x":0,"y":0}},"stencilset":{"url":"stencilsets/bpmn2.0/bpmn2.0.json","namespace":"http://b3mn.org/stencilset/bpmn2.0#"},"ssextensions":[]}