<?xml version='1.0' encoding='UTF-8'?>
<definitions xmlns="http://www.omg.org/spec/BPMN/20100524/MODEL" xmlns:xsi="http://www.w3.org/2001/XMLSchema-instance" xmlns:xsd="http://www.w3.org/2001/XMLSchema" xmlns:activiti="http://activiti.org/bpmn" xmlns:bpmndi="http://www.omg.org/spec/BPMN/20100524/DI" xmlns:omgdc="http://www.omg.org/spec/DD/20100524/DC" xmlns:omgdi="http://www.omg.org/spec/DD/20100524/DI" typeLanguage="http://www.w3.org/2001/XMLSchema" expressionLanguage="http://www.w3.org/1999/XPath" targetNamespace="http://www.activiti.org/processdef" xmlns:modeler="http://activiti.com/modeler" modeler:version="1.0en" modeler:exportDateTime="20170927170041268" modeler:modelId="22022" modeler:modelVersion="18" modeler:modelLastUpdated="1506535943023">
  <process id="SampleACSInteraction" name="Sample ACS Interaction" isExecutable="true">
    <startEvent id="startEvent1" activiti:formKey="22023">
      <extensionElements>
        <modeler:form-reference-id><![CDATA[22023]]></modeler:form-reference-id>
        <modeler:form-reference-name><![CDATA[ACS Launch Form]]></modeler:form-reference-name>
        <modeler:editor-resource-id><![CDATA[startEvent1]]></modeler:editor-resource-id>
      </extensionElements>
    </startEvent>
    <userTask id="sid-65B16DF8-9FB3-40BE-9B9A-21EBE4A2CE3F" name="Display Attachment" activiti:async="true" activiti:exclusive="false" activiti:assignee="$INITIATOR" activiti:formKey="22024">
      <extensionElements>
        <activiti:executionListener event="start" class="com.activiti.runtime.activiti.ContentProcessorExecutionListener">
          <activiti:field name="externalContentHandler">
            <activiti:expression><![CDATA[${externalContentHandler}]]></activiti:expression>
          </activiti:field>
        </activiti:executionListener>
        <modeler:allow-send-email><![CDATA[true]]></modeler:allow-send-email>
        <modeler:form-reference-id><![CDATA[22024]]></modeler:form-reference-id>
        <modeler:form-reference-name><![CDATA[Display ACS Attach]]></modeler:form-reference-name>
        <modeler:activiti-idm-initiator><![CDATA[true]]></modeler:activiti-idm-initiator>
        <modeler:editor-resource-id><![CDATA[sid-65B16DF8-9FB3-40BE-9B9A-21EBE4A2CE3F]]></modeler:editor-resource-id>
        <modeler:ignore-listener-on-import><![CDATA[com.activiti.runtime.activiti.ContentProcessorExecutionListener]]></modeler:ignore-listener-on-import>
      </extensionElements>
    </userTask>
    <sequenceFlow id="sid-1037D23E-204F-4062-BF2A-DD62A616FB50" sourceRef="startEvent1" targetRef="sid-65B16DF8-9FB3-40BE-9B9A-21EBE4A2CE3F">
      <extensionElements>
        <modeler:editor-resource-id><![CDATA[sid-1037D23E-204F-4062-BF2A-DD62A616FB50]]></modeler:editor-resource-id>
      </extensionElements>
    </sequenceFlow>
    <serviceTask id="sid-CEA164B5-62C4-4A5F-8E14-3CFCA48E2746" name="Update Attachment" activiti:async="true" activiti:delegateExpression="${activiti_alfrescoPutMetadataDelegate}">
      <extensionElements>
        <activiti:field name="inputSourceField">
          <activiti:string><![CDATA[acsattach]]></activiti:string>
        </activiti:field>
        <activiti:field name="publishAsType">
          <activiti:string><![CDATA[process_initiator]]></activiti:string>
        </activiti:field>
        <modeler:metaDataMapping modeler:propertyValueType="field" modeler:propertyType="string" modeler:formField="updateaspectvalue" modeler:fileProperty="cm:title"/>
        <modeler:editor-resource-id><![CDATA[sid-CEA164B5-62C4-4A5F-8E14-3CFCA48E2746]]></modeler:editor-resource-id>
      </extensionElements>
    </serviceTask>
    <sequenceFlow id="sid-37BA988A-5014-4D71-A017-6D4C549DCE8C" sourceRef="sid-65B16DF8-9FB3-40BE-9B9A-21EBE4A2CE3F" targetRef="sid-CEA164B5-62C4-4A5F-8E14-3CFCA48E2746">
      <extensionElements>
        <modeler:editor-resource-id><![CDATA[sid-37BA988A-5014-4D71-A017-6D4C549DCE8C]]></modeler:editor-resource-id>
      </extensionElements>
    </sequenceFlow>
    <endEvent id="sid-E6E94839-61F4-496C-9892-D91C6A906266">
      <extensionElements>
        <modeler:editor-resource-id><![CDATA[sid-E6E94839-61F4-496C-9892-D91C6A906266]]></modeler:editor-resource-id>
      </extensionElements>
    </endEvent>
    <sequenceFlow id="sid-57184314-E754-4026-9BF2-1496AD598B39" sourceRef="sid-CEA164B5-62C4-4A5F-8E14-3CFCA48E2746" targetRef="sid-E6E94839-61F4-496C-9892-D91C6A906266">
      <extensionElements>
        <modeler:editor-resource-id><![CDATA[sid-57184314-E754-4026-9BF2-1496AD598B39]]></modeler:editor-resource-id>
      </extensionElements>
    </sequenceFlow>
  </process>
  <bpmndi:BPMNDiagram id="BPMNDiagram_SampleACSInteraction">
    <bpmndi:BPMNPlane bpmnElement="SampleACSInteraction" id="BPMNPlane_SampleACSInteraction">
      <bpmndi:BPMNShape bpmnElement="startEvent1" id="BPMNShape_startEvent1">
        <omgdc:Bounds height="30.0" width="30.0" x="100.0" y="163.0"/>
      </bpmndi:BPMNShape>
      <bpmndi:BPMNShape bpmnElement="sid-65B16DF8-9FB3-40BE-9B9A-21EBE4A2CE3F" id="BPMNShape_sid-65B16DF8-9FB3-40BE-9B9A-21EBE4A2CE3F">
        <omgdc:Bounds height="80.0" width="100.0" x="175.0" y="138.0"/>
      </bpmndi:BPMNShape>
      <bpmndi:BPMNShape bpmnElement="sid-CEA164B5-62C4-4A5F-8E14-3CFCA48E2746" id="BPMNShape_sid-CEA164B5-62C4-4A5F-8E14-3CFCA48E2746">
        <omgdc:Bounds height="80.167483871" width="100.24219354800005" x="345.0" y="137.9162580645"/>
      </bpmndi:BPMNShape>
      <bpmndi:BPMNShape bpmnElement="sid-E6E94839-61F4-496C-9892-D91C6A906266" id="BPMNShape_sid-E6E94839-61F4-496C-9892-D91C6A906266">
        <omgdc:Bounds height="28.0" width="28.0" x="490.24219354800005" y="164.0"/>
      </bpmndi:BPMNShape>
      <bpmndi:BPMNEdge bpmnElement="sid-37BA988A-5014-4D71-A017-6D4C549DCE8C" id="BPMNEdge_sid-37BA988A-5014-4D71-A017-6D4C549DCE8C">
        <omgdi:waypoint x="275.0" y="178.0"/>
        <omgdi:waypoint x="345.0" y="178.0"/>
      </bpmndi:BPMNEdge>
      <bpmndi:BPMNEdge bpmnElement="sid-1037D23E-204F-4062-BF2A-DD62A616FB50" id="BPMNEdge_sid-1037D23E-204F-4062-BF2A-DD62A616FB50">
        <omgdi:waypoint x="130.0" y="178.0"/>
        <omgdi:waypoint x="175.0" y="178.0"/>
      </bpmndi:BPMNEdge>
      <bpmndi:BPMNEdge bpmnElement="sid-57184314-E754-4026-9BF2-1496AD598B39" id="BPMNEdge_sid-57184314-E754-4026-9BF2-1496AD598B39">
        <omgdi:waypoint x="445.24219354800005" y="178.04532820361928"/>
        <omgdi:waypoint x="490.24219767971965" y="178.0107558417523"/>
      </bpmndi:BPMNEdge>
    </bpmndi:BPMNPlane>
  </bpmndi:BPMNDiagram>
</definitions>