<?xml version='1.0' encoding='UTF-8'?>
<definitions xmlns="http://www.omg.org/spec/BPMN/20100524/MODEL" xmlns:xsi="http://www.w3.org/2001/XMLSchema-instance" xmlns:xsd="http://www.w3.org/2001/XMLSchema" xmlns:activiti="http://activiti.org/bpmn" xmlns:bpmndi="http://www.omg.org/spec/BPMN/20100524/DI" xmlns:omgdc="http://www.omg.org/spec/DD/20100524/DC" xmlns:omgdi="http://www.omg.org/spec/DD/20100524/DI" typeLanguage="http://www.w3.org/2001/XMLSchema" expressionLanguage="http://www.w3.org/1999/XPath" targetNamespace="http://www.activiti.org/processdef" xmlns:modeler="http://activiti.com/modeler" modeler:version="1.0en" modeler:exportDateTime="20170927170041338" modeler:modelId="20029" modeler:modelVersion="33" modeler:modelLastUpdated="1506535945042">
  <process id="SampleRESTCall" name="Sample REST Call" isExecutable="true">
    <extensionElements>
      <modeler:executionvariables xmlns:modeler="http://activiti.com/modeler" modeler:variableName="TextParameter" modeler:variableType="string"/>
      <modeler:executionvariables xmlns:modeler="http://activiti.com/modeler" modeler:variableName="resOrigin" modeler:variableType="string"/>
      <modeler:executionvariables xmlns:modeler="http://activiti.com/modeler" modeler:variableName="resHeaders" modeler:variableType="string"/>
      <modeler:executionvariables xmlns:modeler="http://activiti.com/modeler" modeler:variableName="reqData" modeler:variableType="string"/>
    </extensionElements>
    <startEvent id="startEvent1" activiti:formKey="20026">
      <extensionElements>
        <modeler:form-reference-id><![CDATA[20026]]></modeler:form-reference-id>
        <modeler:form-reference-name><![CDATA[Start REST Example]]></modeler:form-reference-name>
        <modeler:editor-resource-id><![CDATA[startEvent1]]></modeler:editor-resource-id>
      </extensionElements>
    </startEvent>
    <serviceTask id="sid-6FF9E9B4-B475-484F-B637-49340EF5985D" name="Make Sample REST Call" activiti:async="true" activiti:delegateExpression="${activiti_restCallDelegate}">
      <extensionElements>
        <activiti:field name="baseEndpoint">
          <activiti:string><![CDATA[1]]></activiti:string>
        </activiti:field>
        <activiti:field name="baseEndpointName">
          <activiti:string><![CDATA[SampleRESTSite]]></activiti:string>
        </activiti:field>
        <activiti:field name="httpMethod">
          <activiti:string><![CDATA[POST]]></activiti:string>
        </activiti:field>
        <modeler:request-mapping modeler:jsonPropertyName="Parameter1" modeler:jsonPropertyType="string" modeler:jsonPropertyValueRestResponseField="TextParameter"/>
        <modeler:response-mapping modeler:processVariableName="resOrigin" modeler:processVariableType="string" modeler:jsonPropertyName="origin"/>
        <modeler:response-mapping modeler:processVariableName="resHeaders" modeler:processVariableType="string" modeler:jsonPropertyName="headers"/>
        <modeler:response-mapping modeler:processVariableName="reqData" modeler:processVariableType="string" modeler:jsonPropertyName="data"/>
        <modeler:request-header modeler:headerName="content-type" modeler:headerValue="application/json"/>
        <modeler:editor-resource-id><![CDATA[sid-6FF9E9B4-B475-484F-B637-49340EF5985D]]></modeler:editor-resource-id>
      </extensionElements>
    </serviceTask>
    <sequenceFlow id="sid-EEB7B383-98E2-4111-896C-1E68BE1770DB" sourceRef="startEvent1" targetRef="sid-6FF9E9B4-B475-484F-B637-49340EF5985D">
      <extensionElements>
        <modeler:editor-resource-id><![CDATA[sid-EEB7B383-98E2-4111-896C-1E68BE1770DB]]></modeler:editor-resource-id>
      </extensionElements>
    </sequenceFlow>
    <userTask id="sid-9D0F2AB9-3F26-4C8C-9111-95B7C7D8BE5C" name="Review Results" activiti:assignee="$INITIATOR" activiti:formKey="20025">
      <extensionElements>
        <modeler:allow-send-email><![CDATA[true]]></modeler:allow-send-email>
        <modeler:form-reference-id><![CDATA[20025]]></modeler:form-reference-id>
        <modeler:form-reference-name><![CDATA[Review Results]]></modeler:form-reference-name>
        <modeler:activiti-idm-initiator><![CDATA[true]]></modeler:activiti-idm-initiator>
        <modeler:initiator-can-complete><![CDATA[false]]></modeler:initiator-can-complete>
        <modeler:editor-resource-id><![CDATA[sid-9D0F2AB9-3F26-4C8C-9111-95B7C7D8BE5C]]></modeler:editor-resource-id>
      </extensionElements>
    </userTask>
    <sequenceFlow id="sid-90D19D0A-015C-4E92-9B44-233F18D9775E" sourceRef="sid-6FF9E9B4-B475-484F-B637-49340EF5985D" targetRef="sid-9D0F2AB9-3F26-4C8C-9111-95B7C7D8BE5C">
      <extensionElements>
        <modeler:editor-resource-id><![CDATA[sid-90D19D0A-015C-4E92-9B44-233F18D9775E]]></modeler:editor-resource-id>
      </extensionElements>
    </sequenceFlow>
    <endEvent id="sid-32BB7D99-CDEC-4C1D-96D7-5178DD44017B">
      <extensionElements>
        <modeler:editor-resource-id><![CDATA[sid-32BB7D99-CDEC-4C1D-96D7-5178DD44017B]]></modeler:editor-resource-id>
      </extensionElements>
    </endEvent>
    <sequenceFlow id="sid-2EE07586-5D78-4A0C-B18F-8425DDCB6591" sourceRef="sid-9D0F2AB9-3F26-4C8C-9111-95B7C7D8BE5C" targetRef="sid-32BB7D99-CDEC-4C1D-96D7-5178DD44017B">
      <extensionElements>
        <modeler:editor-resource-id><![CDATA[sid-2EE07586-5D78-4A0C-B18F-8425DDCB6591]]></modeler:editor-resource-id>
      </extensionElements>
    </sequenceFlow>
  </process>
  <bpmndi:BPMNDiagram id="BPMNDiagram_SampleRESTCall">
    <bpmndi:BPMNPlane bpmnElement="SampleRESTCall" id="BPMNPlane_SampleRESTCall">
      <bpmndi:BPMNShape bpmnElement="startEvent1" id="BPMNShape_startEvent1">
        <omgdc:Bounds height="30.0" width="30.0" x="100.0" y="163.0"/>
      </bpmndi:BPMNShape>
      <bpmndi:BPMNShape bpmnElement="sid-6FF9E9B4-B475-484F-B637-49340EF5985D" id="BPMNShape_sid-6FF9E9B4-B475-484F-B637-49340EF5985D">
        <omgdc:Bounds height="80.0" width="100.0" x="210.0" y="138.0"/>
      </bpmndi:BPMNShape>
      <bpmndi:BPMNShape bpmnElement="sid-9D0F2AB9-3F26-4C8C-9111-95B7C7D8BE5C" id="BPMNShape_sid-9D0F2AB9-3F26-4C8C-9111-95B7C7D8BE5C">
        <omgdc:Bounds height="80.0" width="100.0" x="355.0" y="138.0"/>
      </bpmndi:BPMNShape>
      <bpmndi:BPMNShape bpmnElement="sid-32BB7D99-CDEC-4C1D-96D7-5178DD44017B" id="BPMNShape_sid-32BB7D99-CDEC-4C1D-96D7-5178DD44017B">
        <omgdc:Bounds height="28.0" width="28.0" x="500.0" y="164.0"/>
      </bpmndi:BPMNShape>
      <bpmndi:BPMNEdge bpmnElement="sid-EEB7B383-98E2-4111-896C-1E68BE1770DB" id="BPMNEdge_sid-EEB7B383-98E2-4111-896C-1E68BE1770DB">
        <omgdi:waypoint x="130.0" y="178.0"/>
        <omgdi:waypoint x="210.0" y="178.0"/>
      </bpmndi:BPMNEdge>
      <bpmndi:BPMNEdge bpmnElement="sid-2EE07586-5D78-4A0C-B18F-8425DDCB6591" id="BPMNEdge_sid-2EE07586-5D78-4A0C-B18F-8425DDCB6591">
        <omgdi:waypoint x="455.0" y="178.0"/>
        <omgdi:waypoint x="500.0" y="178.0"/>
      </bpmndi:BPMNEdge>
      <bpmndi:BPMNEdge bpmnElement="sid-90D19D0A-015C-4E92-9B44-233F18D9775E" id="BPMNEdge_sid-90D19D0A-015C-4E92-9B44-233F18D9775E">
        <omgdi:waypoint x="310.0" y="178.0"/>
        <omgdi:waypoint x="355.0" y="178.0"/>
      </bpmndi:BPMNEdge>
    </bpmndi:BPMNPlane>
  </bpmndi:BPMNDiagram>
</definitions>