{"resourceId":20029,"properties":{"process_id":"SampleRESTCall","name":"Sample REST Call","documentation":"","process_author":"","process_version":"","process_namespace":"http://www.activiti.org/processdef","executionlisteners":"{\"executionListeners\":[]}","eventlisteners":"{\"eventListeners\":[]}","signaldefinitions":"[]","messagedefinitions":"[]","executionvariables":"[{\"variableName\":\"TextParameter\",\"variableType\":\"string\"},{\"variableName\":\"resOrigin\",\"variableType\":\"string\"},{\"variableName\":\"resHeaders\",\"variableType\":\"string\"},{\"variableName\":\"reqData\",\"variableType\":\"string\"}]","metadata":""},"stencil":{"id":"BPMNDiagram"},"childShapes":[{"resourceId":"startEvent1","properties":{"overrideid":"startEvent1","name":"","documentation":"","executionlisteners":{"executionListeners":[]},"initiator":"","formkeydefinition":"","formreference":{"id":20026,"name":"Start REST Example"},"fieldstovariables":"","formproperties":"","asynchronousdefinition":false,"exclusivedefinition":false},"stencil":{"id":"StartNoneEvent"},"childShapes":[],"outgoing":[{"resourceId":"sid-EEB7B383-98E2-4111-896C-1E68BE1770DB"}],"bounds":{"lowerRight":{"x":130,"y":193},"upperLeft":{"x":100,"y":163}},"dockers":[]},{"resourceId":"sid-6FF9E9B4-B475-484F-B637-49340EF5985D","properties":{"overrideid":"sid-6FF9E9B4-B475-484F-B637-49340EF5985D","name":"Make Sample REST Call","documentation":"","restcalltask_endpoint":{"http_method":"POST","endpoint_config":{"id":"1","name":"SampleRESTSite"}},"restcalltask_request_mapping":[{"jsonPropertyName":"Parameter1","jsonPropertyType":"string","jsonPropertyValueRestResponseField":{"id":"TextParameter"}}],"restcalltask_response_mapping":[{"jsonPropertyName":"origin","processVariableName":"resOrigin","processVariableType":"string"},{"jsonPropertyName":"headers","processVariableName":"resHeaders","processVariableType":"string"},{"jsonPropertyName":"data","processVariableName":"reqData","processVariableType":"string"}],"restcalltask_request_headers":[{"name":"content-type","value":"application/json"}],"executionlisteners":{"executionListeners":[]},"exclusivedefinition":true,"asynchronousdefinition":true,"servicetaskfields":{"fields":[{"name":"baseEndpoint","stringValue":"1"},{"name":"baseEndpointName","stringValue":"SampleRESTSite"},{"name":"httpMethod","stringValue":"POST"}]},"isforcompensation":false},"stencil":{"id":"RestCallTask"},"childShapes":[],"outgoing":[{"resourceId":"sid-90D19D0A-015C-4E92-9B44-233F18D9775E"}],"bounds":{"lowerRight":{"x":310,"y":218},"upperLeft":{"x":210,"y":138}},"dockers":[]},{"resourceId":"sid-EEB7B383-98E2-4111-896C-1E68BE1770DB","properties":{"overrideid":"sid-EEB7B383-98E2-4111-896C-1E68BE1770DB","name":"","documentation":"","conditionsequenceflow":"","executionlisteners":{"executionListeners":[]},"defaultflow":"false"},"stencil":{"id":"SequenceFlow"},"childShapes":[],"outgoing":[{"resourceId":"sid-6FF9E9B4-B475-484F-B637-49340EF5985D"}],"bounds":{"lowerRight":{"x":209.15625,"y":178},"upperLeft":{"x":130.7265625,"y":178}},"dockers":[{"x":15,"y":15},{"x":50,"y":40}],"target":{"resourceId":"sid-6FF9E9B4-B475-484F-B637-49340EF5985D"}},{"resourceId":"sid-9D0F2AB9-3F26-4C8C-9111-95B7C7D8BE5C","properties":{"overrideid":"sid-9D0F2AB9-3F26-4C8C-9111-95B7C7D8BE5C","name":"Review Results","documentation":"","asynchronousdefinition":false,"exclusivedefinition":false,"executionlisteners":{"executionListeners":[]},"multiinstance_type":"None","multiinstance_cardinality":"","multiinstance_collection":"","multiinstance_variable":"","multiinstance_condition":"","isforcompensation":false,"usertasksendemail":true,"usertaskassignment":{"assignment":{"type":"idm","idm":{"type":"initiator"},"initiatorCanCompleteTask":false}},"formkeydefinition":"","formreference":{"id":20025,"name":"Review Results","referenceId":20029},"fieldstovariables":"","duedatedefinition":"","prioritydefinition":"","categorydefinition":"","formproperties":"","tasklisteners":{"taskListeners":[]},"emailtemplate":""},"stencil":{"id":"UserTask"},"childShapes":[],"outgoing":[{"resourceId":"sid-2EE07586-5D78-4A0C-B18F-8425DDCB6591"}],"bounds":{"lowerRight":{"x":455,"y":218},"upperLeft":{"x":355,"y":138}},"dockers":[]},{"resourceId":"sid-90D19D0A-015C-4E92-9B44-233F18D9775E","properties":{"overrideid":"sid-90D19D0A-015C-4E92-9B44-233F18D9775E","name":"","documentation":"","conditionsequenceflow":"","executionlisteners":{"executionListeners":[]},"defaultflow":"false"},"stencil":{"id":"SequenceFlow"},"childShapes":[],"outgoing":[{"resourceId":"sid-9D0F2AB9-3F26-4C8C-9111-95B7C7D8BE5C"}],"bounds":{"lowerRight":{"x":354.15625,"y":178},"upperLeft":{"x":310.84375,"y":178}},"dockers":[{"x":50,"y":40},{"x":50,"y":40}],"target":{"resourceId":"sid-9D0F2AB9-3F26-4C8C-9111-95B7C7D8BE5C"}},{"resourceId":"sid-32BB7D99-CDEC-4C1D-96D7-5178DD44017B","properties":{"overrideid":"sid-32BB7D99-CDEC-4C1D-96D7-5178DD44017B","name":"","documentation":"","executionlisteners":{"executionListeners":[]},"asynchronousdefinition":false,"exclusivedefinition":false},"stencil":{"id":"EndNoneEvent"},"childShapes":[],"outgoing":[],"bounds":{"lowerRight":{"x":528,"y":192},"upperLeft":{"x":500,"y":164}},"dockers":[]},{"resourceId":"sid-2EE07586-5D78-4A0C-B18F-8425DDCB6591","properties":{"overrideid":"sid-2EE07586-5D78-4A0C-B18F-8425DDCB6591","name":"","documentation":"","conditionsequenceflow":"","executionlisteners":{"executionListeners":[]},"defaultflow":"false"},"stencil":{"id":"SequenceFlow"},"childShapes":[],"outgoing":[{"resourceId":"sid-32BB7D99-CDEC-4C1D-96D7-5178DD44017B"}],"bounds":{"lowerRight":{"x":499.375,"y":178},"upperLeft":{"x":455.390625,"y":178}},"dockers":[{"x":50,"y":40},{"x":14,"y":14}],"target":{"resourceId":"sid-32BB7D99-CDEC-4C1D-96D7-5178DD44017B"}}],"bounds":{"lowerRight":{"x":1200,"y":1050},"upperLeft":{"x":0,"y":0}},"stencilset":{"url":"stencilsets/bpmn2.0/bpmn2.0.json","namespace":"http://b3mn.org/stencilset/bpmn2.0#"},"ssextensions":[]}