{"resourceId":22022,"properties":{"process_id":"SampleACSInteraction","name":"Sample ACS Interaction","documentation":"","process_author":"","process_version":"","process_namespace":"http://www.activiti.org/processdef","executionlisteners":"","eventlisteners":"","signaldefinitions":"","messagedefinitions":"","executionvariables":"","metadata":""},"stencil":{"id":"BPMNDiagram"},"childShapes":[{"resourceId":"startEvent1","properties":{"overrideid":"","name":"","documentation":"","executionlisteners":"","initiator":"","formkeydefinition":"","formreference":{"id":22023,"name":"ACS Launch Form","referenceId":22022},"fieldstovariables":"","formproperties":""},"stencil":{"id":"StartNoneEvent"},"childShapes":[],"outgoing":[{"resourceId":"sid-1037D23E-204F-4062-BF2A-DD62A616FB50"}],"bounds":{"lowerRight":{"x":130,"y":193},"upperLeft":{"x":100,"y":163}},"dockers":[]},{"resourceId":"sid-65B16DF8-9FB3-40BE-9B9A-21EBE4A2CE3F","properties":{"overrideid":"","name":"Display Attachment","documentation":"","asynchronousdefinition":"false","exclusivedefinition":"false","executionlisteners":"","multiinstance_type":"None","multiinstance_cardinality":"","multiinstance_collection":"","multiinstance_variable":"","multiinstance_condition":"","isforcompensation":"false","usertasksendemail":true,"usertaskassignment":"","formkeydefinition":"","formreference":{"id":22024,"name":"Display ACS Attach","referenceId":22022},"fieldstovariables":"","duedatedefinition":"","prioritydefinition":"","categorydefinition":"","formproperties":"","tasklisteners":"","emailtemplate":""},"stencil":{"id":"UserTask"},"childShapes":[],"outgoing":[{"resourceId":"sid-37BA988A-5014-4D71-A017-6D4C549DCE8C"}],"bounds":{"lowerRight":{"x":275,"y":218},"upperLeft":{"x":175,"y":138}},"dockers":[]},{"resourceId":"sid-1037D23E-204F-4062-BF2A-DD62A616FB50","properties":{"overrideid":"","name":"","documentation":"","conditionsequenceflow":"","executionlisteners":"","defaultflow":"false"},"stencil":{"id":"SequenceFlow"},"childShapes":[],"outgoing":[{"resourceId":"sid-65B16DF8-9FB3-40BE-9B9A-21EBE4A2CE3F"}],"bounds":{"lowerRight":{"x":174.15625,"y":178},"upperLeft":{"x":130.609375,"y":178}},"dockers":[{"x":15,"y":15},{"x":50,"y":40}],"target":{"resourceId":"sid-65B16DF8-9FB3-40BE-9B9A-21EBE4A2CE3F"}},{"resourceId":"sid-CEA164B5-62C4-4A5F-8E14-3CFCA48E2746","properties":{"overrideid":"","name":"Update Attachment","documentation":"","alfresco_put_metadata":{"source":"field","inputSourceField":"acsattach","publishInfo":{"publishAsType":"process_initiator"},"metaDataColumnDefinitions":[{"fileProperty":"cm:title","propertyType":"string","propertyValueType":"field","formField":{"id":"updateaspectvalue","name":"Update Aspect Value","type":"text","$$hashKey":"object:2003"},"$$hashKey":"uiGrid-0019"}]}},"stencil":{"id":"PutMetadataToAlfrescoCloudTask"},"childShapes":[],"outgoing":[{"resourceId":"sid-57184314-E754-4026-9BF2-1496AD598B39"}],"bounds":{"lowerRight":{"x":445.24219354800005,"y":218.0837419355},"upperLeft":{"x":345,"y":137.9162580645}},"dockers":[]},{"resourceId":"sid-37BA988A-5014-4D71-A017-6D4C549DCE8C","properties":{"overrideid":"","name":"","documentation":"","conditionsequenceflow":"","executionlisteners":"","defaultflow":"false"},"stencil":{"id":"SequenceFlow"},"childShapes":[],"outgoing":[{"resourceId":"sid-CEA164B5-62C4-4A5F-8E14-3CFCA48E2746"}],"bounds":{"lowerRight":{"x":344.9454672377656,"y":178},"upperLeft":{"x":275.1756295362344,"y":178}},"dockers":[{"x":50,"y":40},{"x":50.12109677400002,"y":40.0837419355}],"target":{"resourceId":"sid-CEA164B5-62C4-4A5F-8E14-3CFCA48E2746"}},{"resourceId":"sid-E6E94839-61F4-496C-9892-D91C6A906266","properties":{"overrideid":"","name":"","documentation":"","executionlisteners":""},"stencil":{"id":"EndNoneEvent"},"childShapes":[],"outgoing":[],"bounds":{"lowerRight":{"x":518.242193548,"y":192},"upperLeft":{"x":490.24219354800005,"y":164}},"dockers":[]},{"resourceId":"sid-57184314-E754-4026-9BF2-1496AD598B39","properties":{"overrideid":"","name":"","documentation":"","conditionsequenceflow":"","executionlisteners":"","defaultflow":"false"},"stencil":{"id":"SequenceFlow"},"childShapes":[],"outgoing":[{"resourceId":"sid-E6E94839-61F4-496C-9892-D91C6A906266"}],"bounds":{"lowerRight":{"x":489.6171938431229,"y":178.04502809656572},"upperLeft":{"x":445.6328182528772,"y":178.0112360163484}},"dockers":[{"x":50.242193548000024,"y":40.167483871},{"x":14,"y":14}],"target":{"resourceId":"sid-E6E94839-61F4-496C-9892-D91C6A906266"}}],"bounds":{"lowerRight":{"x":1200,"y":1050},"upperLeft":{"x":0,"y":0}},"stencilset":{"url":"stencilsets/bpmn2.0/bpmn2.0.json","namespace":"http://b3mn.org/stencilset/bpmn2.0#"},"ssextensions":[]}